validation_code,key,evalResults
VC50RWEP,4599865682165760,"[{""eID"":""5243251783106560"",""topicIdx"":""4"",""wordNum"":""5"",""shortOrLong"":""short"",""best"":[""4-5-wordcloud-1-short""],""worst"":[""4-5-word-1-short""],""duration"":161.845,""memo"":""dummy""},{""eID"":""5717976934252544"",""topicIdx"":""9"",""wordNum"":""5"",""shortOrLong"":""short"",""best"":[""9-5-histogram-4-short""],""worst"":[""9-5-word-4-short""],""duration"":107.628,""memo"":""real""},{""eID"":""5999451910963200"",""topicIdx"":""13"",""wordNum"":""5"",""shortOrLong"":""short"",""best"":[""algorithm""],""worst"":[""13-5-wordcloud-3-short""],""duration"":68.398,""memo"":""real""},{""eID"":""6417387125473280"",""topicIdx"":""17"",""wordNum"":""20"",""shortOrLong"":""short"",""best"":[""17-20-wordcloud-2-short""],""worst"":[""17-20-topic-in-a-box-2-short""],""duration"":34.02,""memo"":""real""},{""eID"":""5458068867383296"",""topicIdx"":""28"",""wordNum"":""20"",""shortOrLong"":""short"",""best"":[""28-20-word-2-short""],""worst"":[""28-20-histogram-2-short""],""duration"":34.868,""memo"":""real""}]"
HD3BQ3YJ,4626650440400896,"[{""eID"":""6588773500452864"",""topicIdx"":""30"",""wordNum"":""20"",""shortOrLong"":""short"",""best"":[""30-20-wordcloud-4-short""],""worst"":[""30-20-word-4-short""],""duration"":56.554,""memo"":""dummy""},{""eID"":""5359175903215616"",""topicIdx"":""12"",""wordNum"":""20"",""shortOrLong"":""short"",""best"":[""12-20-topic-in-a-box-0-short""],""worst"":[""12-20-wordcloud-0-short""],""duration"":34.956,""memo"":""real""},{""eID"":""5455896150802432"",""topicIdx"":""14"",""wordNum"":""20"",""shortOrLong"":""short"",""best"":[""14-20-wordcloud-3-short""],""worst"":[""algorithm""],""duration"":50.103,""memo"":""real""},{""eID"":""6458687530991616"",""topicIdx"":""1"",""wordNum"":""20"",""shortOrLong"":""short"",""best"":[""1-20-histogram-1-short""],""worst"":[""1-20-topic-in-a-box-1-short""],""duration"":58.844,""memo"":""real""},{""eID"":""6203600833347584"",""topicIdx"":""9"",""wordNum"":""20"",""shortOrLong"":""short"",""best"":[""9-20-word-1-short""],""worst"":[""9-20-wordcloud-1-short""],""duration"":49.641,""memo"":""real""}]"
VTWWOTSB,4648151583555584,"[{""eID"":""5860516429824000"",""topicIdx"":""49"",""wordNum"":""20"",""shortOrLong"":""short"",""best"":[""49-20-topic-in-a-box-1-short""],""worst"":[""49-20-word-1-short""],""duration"":90.542,""memo"":""dummy""},{""eID"":""4969301589098496"",""topicIdx"":""15"",""wordNum"":""10"",""shortOrLong"":""long"",""best"":[""15-10-wordcloud-2-long""],""worst"":[""15-10-histogram-2-long""],""duration"":157.569,""memo"":""real""},{""eID"":""5627386947174400"",""topicIdx"":""6"",""wordNum"":""5"",""shortOrLong"":""long"",""best"":[""6-5-histogram-3-long""],""worst"":[""6-5-word-3-long""],""duration"":120.433,""memo"":""real""},{""eID"":""5693919480250368"",""topicIdx"":""8"",""wordNum"":""10"",""shortOrLong"":""long"",""best"":[""8-10-wordcloud-4-long""],""worst"":[""8-10-topic-in-a-box-4-long""],""duration"":60.64,""memo"":""real""},{""eID"":""6134424479465472"",""topicIdx"":""21"",""wordNum"":""20"",""shortOrLong"":""long"",""best"":[""21-20-topic-in-a-box-0-long""],""worst"":[""21-20-word-0-long""],""duration"":46.709,""memo"":""real""}]"
9FLJ2SWF,4825824448479232,"[{""eID"":""6452571497562112"",""topicIdx"":""49"",""wordNum"":""20"",""shortOrLong"":""short"",""best"":[""49-20-word-0-short""],""worst"":[""49-20-wordcloud-0-short""],""duration"":138.38,""memo"":""dummy""},{""eID"":""5873758350868480"",""topicIdx"":""14"",""wordNum"":""10"",""shortOrLong"":""short"",""best"":[""14-10-wordcloud-3-short""],""worst"":[""algorithm""],""duration"":88.659,""memo"":""real""},{""eID"":""6426199861493760"",""topicIdx"":""35"",""wordNum"":""5"",""shortOrLong"":""short"",""best"":[""35-5-wordcloud-0-short""],""worst"":[""35-5-histogram-0-short""],""duration"":60.06,""memo"":""real""},{""eID"":""6652164801822720"",""topicIdx"":""7"",""wordNum"":""20"",""shortOrLong"":""short"",""best"":[""7-20-word-4-short"",""algorithm""],""worst"":[""7-20-topic-in-a-box-4-short""],""duration"":13.183,""memo"":""real""},{""eID"":""6280718850195456"",""topicIdx"":""13"",""wordNum"":""5"",""shortOrLong"":""short"",""best"":[""13-5-topic-in-a-box-1-short""],""worst"":[""13-5-wordcloud-1-short""],""duration"":33.919,""memo"":""real""}]"
ZZM2INR4,4933057433829376,"[{""eID"":""6740162507702272"",""topicIdx"":""5"",""wordNum"":""20"",""shortOrLong"":""short"",""best"":[""5-20-wordcloud-1-short"",""5-20-topic-in-a-box-1-short""],""worst"":[""5-20-histogram-1-short""],""duration"":35.943,""memo"":""dummy""},{""eID"":""5620608951910400"",""topicIdx"":""4"",""wordNum"":""20"",""shortOrLong"":""short"",""best"":[""4-20-word-0-short"",""4-20-wordcloud-0-short""],""worst"":[""algorithm""],""duration"":16.352,""memo"":""real""},{""eID"":""5365522254266368"",""topicIdx"":""12"",""wordNum"":""10"",""shortOrLong"":""short"",""best"":[""algorithm""],""worst"":[""12-10-topic-in-a-box-4-short""],""duration"":11.887,""memo"":""real""},{""eID"":""6481044177944576"",""topicIdx"":""15"",""wordNum"":""10"",""shortOrLong"":""short"",""best"":[""algorithm""],""worst"":[""15-10-topic-in-a-box-2-short""],""duration"":22.986,""memo"":""real""},{""eID"":""6729510988808192"",""topicIdx"":""38"",""wordNum"":""20"",""shortOrLong"":""short"",""best"":[""38-20-histogram-3-short"",""38-20-topic-in-a-box-3-short""],""worst"":[""38-20-word-3-short""],""duration"":9.36,""memo"":""real""}]"
0XCCRPDD,4952700198322176,"[{""eID"":""6520260182147072"",""topicIdx"":""45"",""wordNum"":""10"",""shortOrLong"":""short"",""best"":[""45-10-histogram-3-short""],""worst"":[""45-10-topic-in-a-box-3-short""],""duration"":75.437,""memo"":""dummy""},{""eID"":""5768205234601984"",""topicIdx"":""38"",""wordNum"":""10"",""shortOrLong"":""long"",""best"":[""38-10-word-1-long""],""worst"":[""38-10-histogram-1-long""],""duration"":61.718,""memo"":""real""},{""eID"":""6385869044842496"",""topicIdx"":""49"",""wordNum"":""10"",""shortOrLong"":""short"",""best"":[""49-10-topic-in-a-box-2-short""],""worst"":[""49-10-word-2-short""],""duration"":75.609,""memo"":""real""},{""eID"":""6738674838405120"",""topicIdx"":""20"",""wordNum"":""10"",""shortOrLong"":""short"",""best"":[""20-10-wordcloud-1-short""],""worst"":[""20-10-word-1-short""],""duration"":43.672,""memo"":""real""},{""eID"":""5598806355738624"",""topicIdx"":""36"",""wordNum"":""20"",""shortOrLong"":""short"",""best"":[""algorithm""],""worst"":[""36-20-topic-in-a-box-1-short""],""duration"":27.503,""memo"":""real""}]"
O97X92E8,4978494161289216,"[{""eID"":""6158045457416192"",""topicIdx"":""23"",""wordNum"":""20"",""shortOrLong"":""long"",""best"":[""23-20-topic-in-a-box-4-long""],""worst"":[""23-20-wordcloud-4-long""],""duration"":6.139,""memo"":""real""},{""eID"":""6199569201233920"",""topicIdx"":""11"",""wordNum"":""10"",""shortOrLong"":""short"",""best"":[""11-10-wordcloud-2-short""],""worst"":[""11-10-word-2-short""],""duration"":11.024,""memo"":""dummy""},{""eID"":""6314823306444800"",""topicIdx"":""8"",""wordNum"":""10"",""shortOrLong"":""long"",""best"":[""8-10-topic-in-a-box-0-long""],""worst"":[""8-10-wordcloud-0-long""],""duration"":7.056,""memo"":""real""},{""eID"":""5452806190268416"",""topicIdx"":""44"",""wordNum"":""5"",""shortOrLong"":""short"",""best"":[""44-5-wordcloud-3-short""],""worst"":[""algorithm""],""duration"":8.626,""memo"":""real""},{""eID"":""5408943568322560"",""topicIdx"":""14"",""wordNum"":""5"",""shortOrLong"":""short"",""best"":[""algorithm""],""worst"":[""14-5-word-2-short""],""duration"":7.782,""memo"":""real""}]"
KA12TOI8,4983793345626112,"[{""eID"":""5793360589619200"",""topicIdx"":""33"",""wordNum"":""5"",""shortOrLong"":""short"",""best"":[""33-5-histogram-3-short""],""worst"":[""33-5-word-3-short""],""duration"":445.744,""memo"":""dummy""},{""eID"":""6062863344992256"",""topicIdx"":""19"",""wordNum"":""20"",""shortOrLong"":""short"",""best"":[""19-20-wordcloud-0-short""],""worst"":[""19-20-word-0-short""],""duration"":297.322,""memo"":""real""},{""eID"":""5989613483065344"",""topicIdx"":""42"",""wordNum"":""10"",""shortOrLong"":""short"",""best"":[""42-10-wordcloud-4-short""],""worst"":[""42-10-histogram-4-short""],""duration"":113.239,""memo"":""real""},{""eID"":""4856629296103424"",""topicIdx"":""28"",""wordNum"":""5"",""shortOrLong"":""short"",""best"":[""28-5-wordcloud-2-short""],""worst"":[""28-5-histogram-2-short""],""duration"":110.557,""memo"":""real""},{""eID"":""4747858444025856"",""topicIdx"":""13"",""wordNum"":""10"",""shortOrLong"":""short"",""best"":[""13-10-wordcloud-3-short""],""worst"":[""13-10-histogram-3-short""],""duration"":97.036,""memo"":""real""}]"
UMUIFJX1,5016091499692032,"[{""eID"":""5744348570320896"",""topicIdx"":""24"",""wordNum"":""20"",""shortOrLong"":""short"",""best"":[""24-20-wordcloud-4-short""],""worst"":[""24-20-word-4-short""],""duration"":5.14,""memo"":""dummy""},{""eID"":""5127468591611904"",""topicIdx"":""10"",""wordNum"":""5"",""shortOrLong"":""short"",""best"":[""10-5-word-2-short"",""algorithm""],""worst"":[""10-5-wordcloud-2-short""],""duration"":7.261,""memo"":""real""},{""eID"":""6437968608755712"",""topicIdx"":""49"",""wordNum"":""5"",""shortOrLong"":""long"",""best"":[""49-5-wordcloud-2-long""],""worst"":[""49-5-topic-in-a-box-2-long""],""duration"":7.572,""memo"":""real""},{""eID"":""6123266691301376"",""topicIdx"":""37"",""wordNum"":""5"",""shortOrLong"":""short"",""best"":[""37-5-histogram-1-short"",""37-5-wordcloud-1-short"",""37-5-topic-in-a-box-1-short""],""worst"":[""37-5-word-1-short""],""duration"":9.501,""memo"":""real""},{""eID"":""5554286603796480"",""topicIdx"":""36"",""wordNum"":""5"",""shortOrLong"":""short"",""best"":[""36-5-histogram-4-short""],""worst"":[""36-5-word-4-short""],""duration"":9.55,""memo"":""real""}]"
3TVVES24,5030593725202432,"[{""eID"":""5988462968700928"",""topicIdx"":""29"",""wordNum"":""10"",""shortOrLong"":""long"",""best"":[""29-10-wordcloud-1-long""],""worst"":[""29-10-topic-in-a-box-1-long""],""duration"":145.109,""memo"":""real""},{""eID"":""5792881163894784"",""topicIdx"":""17"",""wordNum"":""5"",""shortOrLong"":""long"",""best"":[""17-5-word-0-long""],""worst"":[""17-5-topic-in-a-box-0-long""],""duration"":158.148,""memo"":""real""},{""eID"":""5679553083080704"",""topicIdx"":""9"",""wordNum"":""5"",""shortOrLong"":""short"",""best"":[""bad_41""],""worst"":[""9-5-topic-in-a-box-0-short""],""duration"":200.416,""memo"":""dummy""},{""eID"":""6139578440220672"",""topicIdx"":""35"",""wordNum"":""10"",""shortOrLong"":""long"",""best"":[""35-10-word-2-long""],""worst"":[""35-10-topic-in-a-box-2-long""],""duration"":57.531,""memo"":""real""},{""eID"":""5850269443162112"",""topicIdx"":""46"",""wordNum"":""5"",""shortOrLong"":""long"",""best"":[""46-5-histogram-4-long""],""worst"":[""46-5-wordcloud-4-long""],""duration"":213.292,""memo"":""real""}]"
CH8GB556,5045196614008832,"[{""eID"":""5661960897036288"",""topicIdx"":""41"",""wordNum"":""20"",""shortOrLong"":""long"",""best"":[""41-20-histogram-2-long""],""worst"":[""41-20-wordcloud-2-long""],""duration"":55.953,""memo"":""real""},{""eID"":""6634572615778304"",""topicIdx"":""39"",""wordNum"":""20"",""shortOrLong"":""long"",""best"":[""39-20-word-1-long""],""worst"":[""39-20-topic-in-a-box-1-long""],""duration"":49.519,""memo"":""real""},{""eID"":""5652296415313920"",""topicIdx"":""7"",""wordNum"":""20"",""shortOrLong"":""long"",""best"":[""7-20-word-4-long""],""worst"":[""7-20-topic-in-a-box-4-long""],""duration"":43.53,""memo"":""real""},{""eID"":""5776576931168256"",""topicIdx"":""33"",""wordNum"":""5"",""shortOrLong"":""short"",""best"":[""33-5-wordcloud-1-short""],""worst"":[""33-5-histogram-1-short""],""duration"":141.347,""memo"":""dummy""},{""eID"":""6134424479465472"",""topicIdx"":""21"",""wordNum"":""20"",""shortOrLong"":""long"",""best"":[""21-20-topic-in-a-box-0-long""],""worst"":[""21-20-word-0-long""],""duration"":52.729,""memo"":""real""}]"
9LG3ZJ2A,5072999279493120,"[{""eID"":""6467070233411584"",""topicIdx"":""19"",""wordNum"":""5"",""shortOrLong"":""long"",""best"":[""19-5-word-1-long""],""worst"":[""19-5-histogram-1-long""],""duration"":50.857,""memo"":""real""},{""eID"":""6186500689494016"",""topicIdx"":""36"",""wordNum"":""10"",""shortOrLong"":""short"",""best"":[""36-10-histogram-2-short""],""worst"":[""36-10-topic-in-a-box-2-short""],""duration"":9.647,""memo"":""dummy""},{""eID"":""6580257922482176"",""topicIdx"":""17"",""wordNum"":""5"",""shortOrLong"":""short"",""best"":[""17-5-wordcloud-0-short""],""worst"":[""17-5-word-0-short""],""duration"":6.478,""memo"":""real""},{""eID"":""6034428245573632"",""topicIdx"":""46"",""wordNum"":""20"",""shortOrLong"":""short"",""best"":[""46-20-histogram-4-short""],""worst"":[""46-20-topic-in-a-box-4-short""],""duration"":22.357,""memo"":""real""},{""eID"":""6588773500452864"",""topicIdx"":""30"",""wordNum"":""20"",""shortOrLong"":""short"",""best"":[""30-20-histogram-4-short""],""worst"":[""30-20-wordcloud-4-short""],""duration"":6.48,""memo"":""real""}]"
OTREAS63,5107299425189888,"[{""eID"":""6499821774962688"",""topicIdx"":""42"",""wordNum"":""10"",""shortOrLong"":""short"",""best"":[""42-10-word-1-short"",""42-10-histogram-1-short""],""worst"":[""42-10-wordcloud-1-short""],""duration"":34.143,""memo"":""dummy""},{""eID"":""5737371127513088"",""topicIdx"":""9"",""wordNum"":""20"",""shortOrLong"":""short"",""best"":[""9-20-histogram-4-short"",""9-20-wordcloud-4-short""],""worst"":[""algorithm""],""duration"":43.192,""memo"":""real""},{""eID"":""6506385827168256"",""topicIdx"":""47"",""wordNum"":""20"",""shortOrLong"":""short"",""best"":[""47-20-histogram-2-short""],""worst"":[""47-20-wordcloud-2-short""],""duration"":44.093,""memo"":""real""},{""eID"":""6421664376029184"",""topicIdx"":""19"",""wordNum"":""5"",""shortOrLong"":""short"",""best"":[""19-5-topic-in-a-box-3-short""],""worst"":[""19-5-word-3-short""],""duration"":23.716,""memo"":""real""},{""eID"":""5257340618014720"",""topicIdx"":""18"",""wordNum"":""20"",""shortOrLong"":""short"",""best"":[""18-20-topic-in-a-box-4-short""],""worst"":[""18-20-histogram-4-short""],""duration"":53.18,""memo"":""real""}]"
IHK6OWVD,5126842331693056,"[{""eID"":""6330404374052864"",""topicIdx"":""29"",""wordNum"":""10"",""shortOrLong"":""short"",""best"":[""29-10-histogram-4-short""],""worst"":[""29-10-topic-in-a-box-4-short""],""duration"":65.857,""memo"":""dummy""},{""eID"":""6609817766461440"",""topicIdx"":""45"",""wordNum"":""5"",""shortOrLong"":""long"",""best"":[""45-5-histogram-3-long""],""worst"":[""45-5-topic-in-a-box-3-long""],""duration"":38.15,""memo"":""real""},{""eID"":""6440560621518848"",""topicIdx"":""3"",""wordNum"":""10"",""shortOrLong"":""short"",""best"":[""3-10-wordcloud-0-short""],""worst"":[""3-10-histogram-0-short""],""duration"":15.781,""memo"":""real""},{""eID"":""6380715084087296"",""topicIdx"":""35"",""wordNum"":""10"",""shortOrLong"":""long"",""best"":[""35-10-histogram-4-long""],""worst"":[""35-10-topic-in-a-box-4-long""],""duration"":29.77,""memo"":""real""},{""eID"":""5993686991110144"",""topicIdx"":""13"",""wordNum"":""20"",""shortOrLong"":""short"",""best"":[""13-20-topic-in-a-box-1-short""],""worst"":[""13-20-wordcloud-1-short""],""duration"":14.938,""memo"":""real""}]"
GUFSYN86,5141143767482368,"[{""eID"":""5753161306341376"",""topicIdx"":""41"",""wordNum"":""5"",""shortOrLong"":""long"",""best"":[""41-5-histogram-1-long""],""worst"":[""41-5-wordcloud-1-long""],""duration"":45.013,""memo"":""real""},{""eID"":""6074835566329856"",""topicIdx"":""37"",""wordNum"":""5"",""shortOrLong"":""short"",""best"":[""37-5-wordcloud-2-short""],""worst"":[""37-5-histogram-2-short""],""duration"":5.115,""memo"":""dummy""},{""eID"":""6637458833801216"",""topicIdx"":""21"",""wordNum"":""20"",""shortOrLong"":""short"",""best"":[""21-20-histogram-3-short""],""worst"":[""21-20-word-3-short""],""duration"":3.596,""memo"":""real""},{""eID"":""5554286603796480"",""topicIdx"":""36"",""wordNum"":""5"",""shortOrLong"":""short"",""best"":[""algorithm""],""worst"":[""36-5-topic-in-a-box-4-short""],""duration"":2.684,""memo"":""real""},{""eID"":""5382437446090752"",""topicIdx"":""27"",""wordNum"":""5"",""shortOrLong"":""short"",""best"":[""27-5-histogram-4-short""],""worst"":[""algorithm""],""duration"":3,""memo"":""real""}]"
LSGXDAXW,5141521993039872,"[{""eID"":""6355831117316096"",""topicIdx"":""19"",""wordNum"":""5"",""shortOrLong"":""long"",""best"":[""19-5-histogram-0-long""],""worst"":[""19-5-word-0-long""],""duration"":20.543,""memo"":""real""},{""eID"":""5226699784454144"",""topicIdx"":""18"",""wordNum"":""5"",""shortOrLong"":""short"",""best"":[""18-5-topic-in-a-box-4-short""],""worst"":[""18-5-histogram-4-short""],""duration"":12.327,""memo"":""dummy""},{""eID"":""5885086058676224"",""topicIdx"":""32"",""wordNum"":""20"",""shortOrLong"":""short"",""best"":[""32-20-word-4-short""],""worst"":[""32-20-wordcloud-4-short""],""duration"":25.764,""memo"":""real""},{""eID"":""6703139352739840"",""topicIdx"":""23"",""wordNum"":""5"",""shortOrLong"":""long"",""best"":[""23-5-topic-in-a-box-2-long""],""worst"":[""23-5-wordcloud-2-long""],""duration"":20.515,""memo"":""real""},{""eID"":""5598806355738624"",""topicIdx"":""36"",""wordNum"":""20"",""shortOrLong"":""short"",""best"":[""36-20-wordcloud-1-short""],""worst"":[""36-20-histogram-1-short""],""duration"":18.713,""memo"":""real""}]"
XZ4NVTDP,5156048109305856,"[{""eID"":""6062863344992256"",""topicIdx"":""19"",""wordNum"":""20"",""shortOrLong"":""short"",""best"":[""bad_181""],""worst"":[""19-20-word-0-short""],""duration"":38.784,""memo"":""dummy""},{""eID"":""6126571937071104"",""topicIdx"":""3"",""wordNum"":""20"",""shortOrLong"":""long"",""best"":[""3-20-wordcloud-3-long""],""worst"":[""3-20-histogram-3-long""],""duration"":128.341,""memo"":""real""},{""eID"":""6074835566329856"",""topicIdx"":""37"",""wordNum"":""5"",""shortOrLong"":""short"",""best"":[""37-5-word-2-short""],""worst"":[""37-5-topic-in-a-box-2-short""],""duration"":57.498,""memo"":""real""},{""eID"":""5850269443162112"",""topicIdx"":""46"",""wordNum"":""5"",""shortOrLong"":""long"",""best"":[""46-5-topic-in-a-box-4-long""],""worst"":[""46-5-histogram-4-long""],""duration"":58.833,""memo"":""real""},{""eID"":""6680106785308672"",""topicIdx"":""4"",""wordNum"":""20"",""shortOrLong"":""long"",""best"":[""4-20-histogram-1-long""],""worst"":[""4-20-wordcloud-1-long""],""duration"":41.998,""memo"":""real""}]"
9D4WLC3R,5195451749892096,"[{""eID"":""6645002138550272"",""topicIdx"":""5"",""wordNum"":""10"",""shortOrLong"":""long"",""best"":[""5-10-histogram-1-long""],""worst"":[""5-10-word-1-long""],""duration"":13.237,""memo"":""real""},{""eID"":""5595095503994880"",""topicIdx"":""24"",""wordNum"":""20"",""shortOrLong"":""long"",""best"":[""24-20-topic-in-a-box-4-long""],""worst"":[""24-20-word-4-long""],""duration"":5.45,""memo"":""real""},{""eID"":""5690418545033216"",""topicIdx"":""9"",""wordNum"":""5"",""shortOrLong"":""short"",""best"":[""9-5-wordcloud-3-short""],""worst"":[""9-5-word-3-short""],""duration"":4.14,""memo"":""dummy""},{""eID"":""6380715084087296"",""topicIdx"":""35"",""wordNum"":""10"",""shortOrLong"":""long"",""best"":[""35-10-histogram-4-long""],""worst"":[""35-10-wordcloud-4-long""],""duration"":3.242,""memo"":""real""},{""eID"":""6303533984907264"",""topicIdx"":""11"",""wordNum"":""5"",""shortOrLong"":""long"",""best"":[""11-5-histogram-3-long""],""worst"":[""11-5-word-3-long""],""duration"":4.834,""memo"":""real""}]"
UDF48PRS,5211101536976896,"[{""eID"":""5866340405477376"",""topicIdx"":""1"",""wordNum"":""5"",""shortOrLong"":""short"",""best"":[""bad_138""],""worst"":[""1-5-topic-in-a-box-3-short""],""duration"":349.602,""memo"":""dummy""},{""eID"":""6158045457416192"",""topicIdx"":""23"",""wordNum"":""20"",""shortOrLong"":""long"",""best"":[""23-20-word-4-long""],""worst"":[""23-20-histogram-4-long""],""duration"":51.392,""memo"":""real""},{""eID"":""5428056978096128"",""topicIdx"":""43"",""wordNum"":""10"",""shortOrLong"":""short"",""best"":[""43-10-word-0-short"",""43-10-topic-in-a-box-0-short""],""worst"":[""algorithm""],""duration"":99.56,""memo"":""real""},{""eID"":""6094368809156608"",""topicIdx"":""20"",""wordNum"":""20"",""shortOrLong"":""short"",""best"":[""20-20-word-1-short""],""worst"":[""algorithm""],""duration"":99.406,""memo"":""real""},{""eID"":""5747396386488320"",""topicIdx"":""41"",""wordNum"":""10"",""shortOrLong"":""long"",""best"":[""41-10-word-4-long""],""worst"":[""41-10-topic-in-a-box-4-long""],""duration"":64.263,""memo"":""real""}]"
VZ7L0E8C,5224225614856192,"[{""eID"":""5819252799963136"",""topicIdx"":""31"",""wordNum"":""20"",""shortOrLong"":""long"",""best"":[""31-20-topic-in-a-box-1-long""],""worst"":[""31-20-wordcloud-1-long""],""duration"":97.003,""memo"":""real""},{""eID"":""5588366363983872"",""topicIdx"":""5"",""wordNum"":""10"",""shortOrLong"":""long"",""best"":[""5-10-topic-in-a-box-4-long""],""worst"":[""5-10-histogram-4-long""],""duration"":16.236,""memo"":""real""},{""eID"":""4856629296103424"",""topicIdx"":""28"",""wordNum"":""5"",""shortOrLong"":""short"",""best"":[""28-5-histogram-2-short""],""worst"":[""28-5-wordcloud-2-short""],""duration"":9.388,""memo"":""dummy""},{""eID"":""6151316317405184"",""topicIdx"":""4"",""wordNum"":""10"",""shortOrLong"":""long"",""best"":[""4-10-wordcloud-4-long""],""worst"":[""4-10-word-4-long""],""duration"":17.314,""memo"":""real""},{""eID"":""6199569201233920"",""topicIdx"":""11"",""wordNum"":""10"",""shortOrLong"":""short"",""best"":[""11-10-histogram-2-short""],""worst"":[""algorithm""],""duration"":27.724,""memo"":""real""}]"
T815LRCM,5243657389080576,"[{""eID"":""6269937945411584"",""topicIdx"":""27"",""wordNum"":""10"",""shortOrLong"":""long"",""best"":[""27-10-topic-in-a-box-1-long""],""worst"":[""27-10-histogram-1-long""],""duration"":19.28,""memo"":""real""},{""eID"":""6667746943172608"",""topicIdx"":""40"",""wordNum"":""20"",""shortOrLong"":""long"",""best"":[""40-20-word-4-long""],""worst"":[""40-20-topic-in-a-box-4-long""],""duration"":13.916,""memo"":""real""},{""eID"":""5010012241920000"",""topicIdx"":""18"",""wordNum"":""20"",""shortOrLong"":""short"",""best"":[""18-20-histogram-2-short""],""worst"":[""18-20-topic-in-a-box-2-short""],""duration"":10.615,""memo"":""dummy""},{""eID"":""6637458833801216"",""topicIdx"":""21"",""wordNum"":""20"",""shortOrLong"":""short"",""best"":[""21-20-histogram-3-short""],""worst"":[""algorithm""],""duration"":13.569,""memo"":""real""},{""eID"":""6678176465944576"",""topicIdx"":""7"",""wordNum"":""5"",""shortOrLong"":""long"",""best"":[""7-5-histogram-2-long""],""worst"":[""7-5-wordcloud-2-long""],""duration"":21.241,""memo"":""real""}]"
UN1S313O,5249591154835456,"[{""eID"":""5936871821541376"",""topicIdx"":""40"",""wordNum"":""10"",""shortOrLong"":""short"",""best"":[""bad_139""],""worst"":[""40-10-histogram-1-short"",""40-10-wordcloud-1-short"",""40-10-topic-in-a-box-1-short""],""duration"":143.262,""memo"":""dummy""},{""eID"":""6187525576065024"",""topicIdx"":""18"",""wordNum"":""20"",""shortOrLong"":""long"",""best"":[""18-20-wordcloud-0-long""],""worst"":[""18-20-topic-in-a-box-0-long""],""duration"":18.159,""memo"":""real""},{""eID"":""5792881163894784"",""topicIdx"":""17"",""wordNum"":""5"",""shortOrLong"":""long"",""best"":[""17-5-word-0-long""],""worst"":[""17-5-topic-in-a-box-0-long""],""duration"":53.211,""memo"":""real""},{""eID"":""5584865428766720"",""topicIdx"":""6"",""wordNum"":""5"",""shortOrLong"":""short"",""best"":[""algorithm""],""worst"":[""6-5-histogram-3-short""],""duration"":38.655,""memo"":""real""},{""eID"":""6692150410477568"",""topicIdx"":""39"",""wordNum"":""10"",""shortOrLong"":""long"",""best"":[""39-10-wordcloud-0-long""],""worst"":[""39-10-word-0-long""],""duration"":34.767,""memo"":""real""}]"
24BC1228,5261884156542976,"[{""eID"":""6285462373138432"",""topicIdx"":""27"",""wordNum"":""5"",""shortOrLong"":""short"",""best"":[""27-5-histogram-0-short""],""worst"":[""27-5-wordcloud-0-short""],""duration"":87.374,""memo"":""dummy""},{""eID"":""6740162507702272"",""topicIdx"":""5"",""wordNum"":""20"",""shortOrLong"":""short"",""best"":[""5-20-histogram-1-short""],""worst"":[""algorithm""],""duration"":10.95,""memo"":""real""},{""eID"":""6710765335609344"",""topicIdx"":""7"",""wordNum"":""5"",""shortOrLong"":""short"",""best"":[""7-5-topic-in-a-box-3-short"",""algorithm""],""worst"":[""7-5-word-3-short""],""duration"":44.632,""memo"":""real""},{""eID"":""6624325629116416"",""topicIdx"":""36"",""wordNum"":""10"",""shortOrLong"":""short"",""best"":[""36-10-wordcloud-0-short""],""worst"":[""36-10-histogram-0-short""],""duration"":54.008,""memo"":""real""},{""eID"":""6647814536822784"",""topicIdx"":""4"",""wordNum"":""10"",""shortOrLong"":""short"",""best"":[""4-10-wordcloud-4-short""],""worst"":[""algorithm""],""duration"":12.341,""memo"":""real""}]"
Y8XC4B0T,5297566476402688,"[{""eID"":""5873007536898048"",""topicIdx"":""3"",""wordNum"":""20"",""shortOrLong"":""long"",""best"":[""3-20-histogram-0-long""],""worst"":[""3-20-word-0-long""],""duration"":21.244,""memo"":""real""},{""eID"":""4775624870723584"",""topicIdx"":""32"",""wordNum"":""5"",""shortOrLong"":""long"",""best"":[""32-5-histogram-1-long""],""worst"":[""32-5-wordcloud-1-long""],""duration"":13.368,""memo"":""real""},{""eID"":""5964267538874368"",""topicIdx"":""29"",""wordNum"":""5"",""shortOrLong"":""long"",""best"":[""29-5-histogram-2-long""],""worst"":[""29-5-topic-in-a-box-2-long""],""duration"":17.237,""memo"":""real""},{""eID"":""5697085676453888"",""topicIdx"":""11"",""wordNum"":""10"",""shortOrLong"":""long"",""best"":[""11-10-topic-in-a-box-4-long""],""worst"":[""11-10-wordcloud-4-long""],""duration"":26.631,""memo"":""real""},{""eID"":""5820290571436032"",""topicIdx"":""17"",""wordNum"":""20"",""shortOrLong"":""short"",""best"":[""17-20-histogram-4-short""],""worst"":[""17-20-word-4-short""],""duration"":12.488,""memo"":""dummy""}]"
RDCE0JBR,5330948841275392,"[{""eID"":""5452806190268416"",""topicIdx"":""44"",""wordNum"":""5"",""shortOrLong"":""short"",""best"":[""44-5-topic-in-a-box-3-short""],""worst"":[""44-5-word-3-short""],""duration"":143.751,""memo"":""dummy""},{""eID"":""5975394456961024"",""topicIdx"":""12"",""wordNum"":""10"",""shortOrLong"":""long"",""best"":[""12-10-wordcloud-3-long""],""worst"":[""12-10-word-3-long""],""duration"":31.716,""memo"":""real""},{""eID"":""6126571937071104"",""topicIdx"":""3"",""wordNum"":""20"",""shortOrLong"":""long"",""best"":[""3-20-word-3-long""],""worst"":[""3-20-wordcloud-3-long""],""duration"":183.21,""memo"":""real""},{""eID"":""5013678533378048"",""topicIdx"":""34"",""wordNum"":""10"",""shortOrLong"":""long"",""best"":[""34-10-histogram-3-long""],""worst"":[""34-10-topic-in-a-box-3-long""],""duration"":48.858,""memo"":""real""},{""eID"":""6637458833801216"",""topicIdx"":""21"",""wordNum"":""20"",""shortOrLong"":""short"",""best"":[""21-20-histogram-3-short""],""worst"":[""21-20-topic-in-a-box-3-short""],""duration"":33.916,""memo"":""real""}]"
JQ6YHBY4,5370220411617280,"[{""eID"":""4718520327733248"",""topicIdx"":""11"",""wordNum"":""10"",""shortOrLong"":""short"",""best"":[""11-10-wordcloud-0-short""],""worst"":[""11-10-word-3-short""],""duration"":43.844,""memo"":""dummy""},{""eID"":""4519911913160704"",""topicIdx"":""30"",""wordNum"":""5"",""shortOrLong"":""short"",""best"":[""30-5-word-3-short""],""worst"":[""algorithm""],""duration"":68.684,""memo"":""real""},{""eID"":""4588521331359744"",""topicIdx"":""28"",""wordNum"":""5"",""shortOrLong"":""short"",""best"":[""28-5-wordcloud-3-short""],""worst"":[""28-5-histogram-2-short""],""duration"":37.297,""memo"":""real""},{""eID"":""4754493900062720"",""topicIdx"":""36"",""wordNum"":""20"",""shortOrLong"":""short"",""best"":[""algorithm""],""worst"":[""36-20-histogram-0-short""],""duration"":80.418,""memo"":""real""},{""eID"":""4605391962898432"",""topicIdx"":""19"",""wordNum"":""10"",""shortOrLong"":""short"",""best"":[""19-10-wordcloud-3-short""],""worst"":[""19-10-topic-in-a-box-4-short""],""duration"":29.971,""memo"":""real""}]"
UQ54V1NB,5541444114710528,"[{""eID"":""6578706097111040"",""topicIdx"":""45"",""wordNum"":""5"",""shortOrLong"":""long"",""best"":[""45-5-histogram-2-long""],""worst"":[""45-5-topic-in-a-box-2-long""],""duration"":26.313,""memo"":""real""},{""eID"":""5752953268862976"",""topicIdx"":""42"",""wordNum"":""20"",""shortOrLong"":""long"",""best"":[""42-20-wordcloud-4-long""],""worst"":[""42-20-word-4-long""],""duration"":13.161,""memo"":""real""},{""eID"":""6432791294115840"",""topicIdx"":""2"",""wordNum"":""10"",""shortOrLong"":""long"",""best"":[""2-10-histogram-4-long""],""worst"":[""2-10-topic-in-a-box-4-long""],""duration"":12.496,""memo"":""real""},{""eID"":""5060475154857984"",""topicIdx"":""4"",""wordNum"":""10"",""shortOrLong"":""short"",""best"":[""4-10-word-3-short"",""4-10-histogram-3-short"",""4-10-topic-in-a-box-3-short""],""worst"":[""4-10-wordcloud-3-short""],""duration"":12.84,""memo"":""dummy""},{""eID"":""6189666885697536"",""topicIdx"":""39"",""wordNum"":""10"",""shortOrLong"":""short"",""best"":[""39-10-topic-in-a-box-3-short""],""worst"":[""39-10-histogram-3-short""],""duration"":15.232,""memo"":""real""}]"
76GKG32M,5546743299047424,"[{""eID"":""6496568605671424"",""topicIdx"":""15"",""wordNum"":""5"",""shortOrLong"":""long"",""best"":[""15-5-topic-in-a-box-0-long""],""worst"":[""15-5-histogram-0-long""],""duration"":29.515,""memo"":""real""},{""eID"":""5154818943352832"",""topicIdx"":""12"",""wordNum"":""5"",""shortOrLong"":""short"",""best"":[""12-5-topic-in-a-box-1-short""],""worst"":[""12-5-histogram-1-short""],""duration"":17.265,""memo"":""dummy""},{""eID"":""6539449022283776"",""topicIdx"":""29"",""wordNum"":""10"",""shortOrLong"":""short"",""best"":[""algorithm""],""worst"":[""29-10-word-0-short""],""duration"":7.319,""memo"":""real""},{""eID"":""6605212219342848"",""topicIdx"":""31"",""wordNum"":""5"",""shortOrLong"":""long"",""best"":[""31-5-topic-in-a-box-1-long""],""worst"":[""31-5-histogram-1-long""],""duration"":9.846,""memo"":""real""},{""eID"":""6385869044842496"",""topicIdx"":""49"",""wordNum"":""10"",""shortOrLong"":""short"",""best"":[""49-10-wordcloud-2-short""],""worst"":[""algorithm""],""duration"":3.862,""memo"":""real""}]"
TA2IXVLB,5567401017999360,"[{""eID"":""5300452694425600"",""topicIdx"":""32"",""wordNum"":""20"",""shortOrLong"":""short"",""best"":[""32-20-word-3-short""],""worst"":[""32-20-histogram-3-short""],""duration"":45.81,""memo"":""dummy""},{""eID"":""5961028059791360"",""topicIdx"":""13"",""wordNum"":""20"",""shortOrLong"":""short"",""best"":[""algorithm""],""worst"":[""13-20-word-4-short""],""duration"":20.908,""memo"":""real""},{""eID"":""5854437172051968"",""topicIdx"":""15"",""wordNum"":""20"",""shortOrLong"":""short"",""best"":[""15-20-word-2-short""],""worst"":[""15-20-topic-in-a-box-2-short""],""duration"":19.005,""memo"":""real""},{""eID"":""5964059501395968"",""topicIdx"":""31"",""wordNum"":""5"",""shortOrLong"":""long"",""best"":[""31-5-topic-in-a-box-0-long""],""worst"":[""31-5-word-0-long""],""duration"":21.181,""memo"":""real""},{""eID"":""5936871821541376"",""topicIdx"":""40"",""wordNum"":""10"",""shortOrLong"":""short"",""best"":[""40-10-word-1-short""],""worst"":[""40-10-histogram-1-short"",""40-10-wordcloud-1-short"",""40-10-topic-in-a-box-1-short""],""duration"":19.378,""memo"":""real""}]"
SNY84R23,5608146567430144,"[{""eID"":""6586950018400256"",""topicIdx"":""30"",""wordNum"":""20"",""shortOrLong"":""short"",""best"":[""30-20-topic-in-a-box-1-short""],""worst"":[""30-20-wordcloud-1-short""],""duration"":293.437,""memo"":""dummy""},{""eID"":""6526606533197824"",""topicIdx"":""45"",""wordNum"":""10"",""shortOrLong"":""short"",""best"":[""45-10-wordcloud-2-short""],""worst"":[""algorithm""],""duration"":150.797,""memo"":""real""},{""eID"":""5901046157148160"",""topicIdx"":""15"",""wordNum"":""10"",""shortOrLong"":""short"",""best"":[""15-10-wordcloud-1-short""],""worst"":[""15-10-word-1-short""],""duration"":82,""memo"":""real""},{""eID"":""6385869044842496"",""topicIdx"":""49"",""wordNum"":""10"",""shortOrLong"":""short"",""best"":[""49-10-topic-in-a-box-2-short""],""worst"":[""49-10-histogram-2-short""],""duration"":301.562,""memo"":""real""},{""eID"":""6219337593520128"",""topicIdx"":""42"",""wordNum"":""20"",""shortOrLong"":""short"",""best"":[""42-20-histogram-3-short""],""worst"":[""algorithm""],""duration"":103.141,""memo"":""real""}]"
4SPZ4ADS,5627467746246656,"[{""eID"":""6385869044842496"",""topicIdx"":""49"",""wordNum"":""10"",""shortOrLong"":""short"",""best"":[""49-10-topic-in-a-box-2-short""],""worst"":[""49-10-word-2-short""],""duration"":15.146,""memo"":""dummy""},{""eID"":""6044857768345600"",""topicIdx"":""13"",""wordNum"":""5"",""shortOrLong"":""long"",""best"":[""13-5-wordcloud-1-long""],""worst"":[""13-5-histogram-1-long""],""duration"":12.954,""memo"":""real""},{""eID"":""5056621227016192"",""topicIdx"":""18"",""wordNum"":""10"",""shortOrLong"":""short"",""best"":[""algorithm""],""worst"":[""18-10-topic-in-a-box-1-short""],""duration"":10.887,""memo"":""real""},{""eID"":""6352599691296768"",""topicIdx"":""19"",""wordNum"":""5"",""shortOrLong"":""short"",""best"":[""19-5-histogram-4-short""],""worst"":[""19-5-word-4-short""],""duration"":15.431,""memo"":""real""},{""eID"":""6506385827168256"",""topicIdx"":""47"",""wordNum"":""20"",""shortOrLong"":""short"",""best"":[""47-20-wordcloud-2-short""],""worst"":[""47-20-word-2-short""],""duration"":2.113,""memo"":""real""}]"
RE88HQBO,5632763172487168,"[{""eID"":""5467409079074816"",""topicIdx"":""44"",""wordNum"":""20"",""shortOrLong"":""long"",""best"":[""44-20-word-0-long""],""worst"":[""44-20-topic-in-a-box-0-long""],""duration"":120.961,""memo"":""real""},{""eID"":""5581927671136256"",""topicIdx"":""36"",""wordNum"":""20"",""shortOrLong"":""short"",""best"":[""36-20-histogram-2-short""],""worst"":[""36-20-wordcloud-2-short""],""duration"":55.125,""memo"":""dummy""},{""eID"":""5768205234601984"",""topicIdx"":""38"",""wordNum"":""10"",""shortOrLong"":""long"",""best"":[""38-10-word-1-long""],""worst"":[""38-10-topic-in-a-box-1-long""],""duration"":28.96,""memo"":""real""},{""eID"":""6506385827168256"",""topicIdx"":""47"",""wordNum"":""20"",""shortOrLong"":""short"",""best"":[""47-20-word-2-short""],""worst"":[""47-20-topic-in-a-box-2-short""],""duration"":31.289,""memo"":""real""},{""eID"":""6242503036502016"",""topicIdx"":""11"",""wordNum"":""20"",""shortOrLong"":""short"",""best"":[""11-20-topic-in-a-box-4-short""],""worst"":[""11-20-histogram-4-short""],""duration"":61.021,""memo"":""real""}]"
U1300XPK,5635949232914432,"[{""eID"":""6727687506755584"",""topicIdx"":""38"",""wordNum"":""20"",""shortOrLong"":""short"",""best"":[""38-20-topic-in-a-box-0-short""],""worst"":[""38-20-word-0-short""],""duration"":73.807,""memo"":""dummy""},{""eID"":""6481044177944576"",""topicIdx"":""15"",""wordNum"":""10"",""shortOrLong"":""short"",""best"":[""15-10-histogram-2-short""],""worst"":[""15-10-word-2-short""],""duration"":30.049,""memo"":""real""},{""eID"":""6597378198994944"",""topicIdx"":""48"",""wordNum"":""20"",""shortOrLong"":""short"",""best"":[""48-20-topic-in-a-box-4-short""],""worst"":[""48-20-histogram-4-short""],""duration"":24,""memo"":""real""},{""eID"":""6024000064978944"",""topicIdx"":""28"",""wordNum"":""20"",""shortOrLong"":""short"",""best"":[""28-20-topic-in-a-box-1-short""],""worst"":[""28-20-word-1-short""],""duration"":44.816,""memo"":""real""},{""eID"":""5268206079967232"",""topicIdx"":""18"",""wordNum"":""5"",""shortOrLong"":""short"",""best"":[""18-5-topic-in-a-box-2-short""],""worst"":[""algorithm""],""duration"":19.545,""memo"":""real""}]"
K3J8TS6F,5670249378611200,"[{""eID"":""6680106785308672"",""topicIdx"":""4"",""wordNum"":""20"",""shortOrLong"":""long"",""best"":[""4-20-histogram-1-long""],""worst"":[""4-20-word-1-long""],""duration"":41.76,""memo"":""real""},{""eID"":""5436765829595136"",""topicIdx"":""48"",""wordNum"":""20"",""shortOrLong"":""short"",""best"":[""48-20-topic-in-a-box-3-short""],""worst"":[""48-20-wordcloud-3-short""],""duration"":13.053,""memo"":""dummy""},{""eID"":""6380715084087296"",""topicIdx"":""35"",""wordNum"":""10"",""shortOrLong"":""long"",""best"":[""35-10-word-4-long""],""worst"":[""35-10-topic-in-a-box-4-long""],""duration"":21.659,""memo"":""real""},{""eID"":""5056621227016192"",""topicIdx"":""18"",""wordNum"":""10"",""shortOrLong"":""short"",""best"":[""18-10-histogram-1-short""],""worst"":[""18-10-word-1-short""],""duration"":13.945,""memo"":""real""},{""eID"":""5485979443920896"",""topicIdx"":""32"",""wordNum"":""10"",""shortOrLong"":""short"",""best"":[""32-10-wordcloud-4-short""],""worst"":[""32-10-histogram-4-short""],""duration"":34.277,""memo"":""real""}]"
MUASZECX,5686589850124288,"[{""eID"":""5640650879926272"",""topicIdx"":""7"",""wordNum"":""20"",""shortOrLong"":""short"",""best"":[""7-20-word-1-short""],""worst"":[""7-20-topic-in-a-box-1-short""],""duration"":21.631,""memo"":""dummy""},{""eID"":""5570282135748608"",""topicIdx"":""36"",""wordNum"":""10"",""shortOrLong"":""long"",""best"":[""36-10-word-3-long""],""worst"":[""36-10-topic-in-a-box-3-long""],""duration"":4.318,""memo"":""real""},{""eID"":""5021915475345408"",""topicIdx"":""4"",""wordNum"":""5"",""shortOrLong"":""short"",""best"":[""4-5-wordcloud-3-short""],""worst"":[""4-5-histogram-3-short""],""duration"":14.873,""memo"":""real""},{""eID"":""5781388368281600"",""topicIdx"":""15"",""wordNum"":""20"",""shortOrLong"":""short"",""best"":[""algorithm""],""worst"":[""15-20-wordcloud-0-short""],""duration"":18.741,""memo"":""real""},{""eID"":""6103717073911808"",""topicIdx"":""2"",""wordNum"":""10"",""shortOrLong"":""long"",""best"":[""2-10-topic-in-a-box-0-long""],""worst"":[""2-10-histogram-0-long""],""duration"":12.023,""memo"":""real""}]"
SBNZVFPE,5689792285114368,"[{""eID"":""5554286603796480"",""topicIdx"":""36"",""wordNum"":""5"",""shortOrLong"":""short"",""best"":[""36-5-histogram-4-short""],""worst"":[""36-5-word-4-short""],""duration"":335.327,""memo"":""dummy""},{""eID"":""5010012241920000"",""topicIdx"":""18"",""wordNum"":""20"",""shortOrLong"":""short"",""best"":[""18-20-histogram-2-short""],""worst"":[""algorithm""],""duration"":124.215,""memo"":""real""},{""eID"":""5076213257207808"",""topicIdx"":""23"",""wordNum"":""10"",""shortOrLong"":""short"",""best"":[""23-10-word-1-short""],""worst"":[""algorithm""],""duration"":105.059,""memo"":""real""},{""eID"":""5850269443162112"",""topicIdx"":""46"",""wordNum"":""5"",""shortOrLong"":""long"",""best"":[""46-5-topic-in-a-box-4-long""],""worst"":[""46-5-word-4-long""],""duration"":145.362,""memo"":""real""},{""eID"":""5708138506354688"",""topicIdx"":""38"",""wordNum"":""10"",""shortOrLong"":""short"",""best"":[""38-10-histogram-4-short""],""worst"":[""38-10-word-4-short""],""duration"":115.154,""memo"":""real""}]"
V25Y0SFO,5704093720903680,"[{""eID"":""5108853666480128"",""topicIdx"":""42"",""wordNum"":""10"",""shortOrLong"":""long"",""best"":[""42-10-word-0-long""],""worst"":[""42-10-histogram-0-long""],""duration"":18.19,""memo"":""real""},{""eID"":""5495881759457280"",""topicIdx"":""22"",""wordNum"":""10"",""shortOrLong"":""long"",""best"":[""22-10-wordcloud-1-long""],""worst"":[""22-10-histogram-1-long""],""duration"":7.524,""memo"":""real""},{""eID"":""5526264894980096"",""topicIdx"":""6"",""wordNum"":""20"",""shortOrLong"":""short"",""best"":[""6-20-word-4-short""],""worst"":[""6-20-wordcloud-4-short""],""duration"":9.516,""memo"":""dummy""},{""eID"":""5380485920325632"",""topicIdx"":""46"",""wordNum"":""20"",""shortOrLong"":""short"",""best"":[""46-20-wordcloud-2-short""],""worst"":[""46-20-histogram-2-short""],""duration"":9.303,""memo"":""real""},{""eID"":""6185595256700928"",""topicIdx"":""21"",""wordNum"":""5"",""shortOrLong"":""short"",""best"":[""algorithm""],""worst"":[""21-5-topic-in-a-box-1-short""],""duration"":8.215,""memo"":""real""}]"
79PZBBJ3,5704471946461184,"[{""eID"":""6496568605671424"",""topicIdx"":""15"",""wordNum"":""5"",""shortOrLong"":""long"",""best"":[""15-5-histogram-0-long""],""worst"":[""15-5-wordcloud-0-long""],""duration"":51.346,""memo"":""real""},{""eID"":""6104796989751296"",""topicIdx"":""38"",""wordNum"":""20"",""shortOrLong"":""long"",""best"":[""38-20-word-4-long""],""worst"":[""38-20-histogram-4-long""],""duration"":22.812,""memo"":""real""},{""eID"":""5197358715371520"",""topicIdx"":""8"",""wordNum"":""10"",""shortOrLong"":""short"",""best"":[""8-10-topic-in-a-box-2-short""],""worst"":[""8-10-word-2-short""],""duration"":13.601,""memo"":""dummy""},{""eID"":""6506385827168256"",""topicIdx"":""47"",""wordNum"":""20"",""shortOrLong"":""short"",""best"":[""47-20-topic-in-a-box-2-short""],""worst"":[""47-20-wordcloud-2-short""],""duration"":26.043,""memo"":""real""},{""eID"":""6257974045573120"",""topicIdx"":""25"",""wordNum"":""10"",""shortOrLong"":""short"",""best"":[""25-10-histogram-0-short""],""worst"":[""25-10-topic-in-a-box-0-short""],""duration"":20.137,""memo"":""real""}]"
6SD2N3R0,5718998062727168,"[{""eID"":""5930387226230784"",""topicIdx"":""13"",""wordNum"":""5"",""shortOrLong"":""short"",""best"":[""13-5-wordcloud-4-short""],""worst"":[""13-5-word-4-short""],""duration"":48.319,""memo"":""dummy""},{""eID"":""5753512419917824"",""topicIdx"":""6"",""wordNum"":""10"",""shortOrLong"":""long"",""best"":[""6-10-wordcloud-2-long""],""worst"":[""6-10-word-2-long""],""duration"":157.447,""memo"":""real""},{""eID"":""5640650879926272"",""topicIdx"":""7"",""wordNum"":""20"",""shortOrLong"":""short"",""best"":[""7-20-topic-in-a-box-1-short"",""algorithm""],""worst"":[""7-20-word-1-short""],""duration"":99.39,""memo"":""real""},{""eID"":""4898932844920832"",""topicIdx"":""23"",""wordNum"":""10"",""shortOrLong"":""short"",""best"":[""23-10-histogram-2-short"",""23-10-wordcloud-2-short""],""worst"":[""algorithm""],""duration"":80.027,""memo"":""real""},{""eID"":""5893898794696704"",""topicIdx"":""49"",""wordNum"":""5"",""shortOrLong"":""short"",""best"":[""49-5-topic-in-a-box-1-short""],""worst"":[""49-5-histogram-1-short""],""duration"":66.505,""memo"":""real""}]"
ZPLIY9QC,5725765589008384,"[{""eID"":""6407798610984960"",""topicIdx"":""0"",""wordNum"":""10"",""shortOrLong"":""short"",""best"":[""bad_235""],""worst"":[""0-10-word-1-short""],""duration"":55.16,""memo"":""dummy""},{""eID"":""6421664376029184"",""topicIdx"":""19"",""wordNum"":""5"",""shortOrLong"":""short"",""best"":[""19-5-histogram-3-short""],""worst"":[""19-5-word-3-short""],""duration"":20.631,""memo"":""real""},{""eID"":""6161508006363136"",""topicIdx"":""34"",""wordNum"":""5"",""shortOrLong"":""long"",""best"":[""34-5-histogram-4-long""],""worst"":[""34-5-wordcloud-4-long""],""duration"":20.699,""memo"":""real""},{""eID"":""6491825082728448"",""topicIdx"":""1"",""wordNum"":""5"",""shortOrLong"":""short"",""best"":[""1-5-wordcloud-2-short""],""worst"":[""algorithm""],""duration"":35.383,""memo"":""real""},{""eID"":""5365522254266368"",""topicIdx"":""12"",""wordNum"":""10"",""shortOrLong"":""short"",""best"":[""12-10-topic-in-a-box-4-short""],""worst"":[""12-10-histogram-4-short""],""duration"":33.588,""memo"":""real""}]"
10TZFUK8,5746821397741568,"[{""eID"":""6588773500452864"",""topicIdx"":""30"",""wordNum"":""20"",""shortOrLong"":""short"",""best"":[""30-20-topic-in-a-box-4-short""],""worst"":[""30-20-wordcloud-4-short""],""duration"":51.173,""memo"":""dummy""},{""eID"":""6652164801822720"",""topicIdx"":""7"",""wordNum"":""20"",""shortOrLong"":""short"",""best"":[""7-20-word-4-short"",""algorithm""],""worst"":[""7-20-topic-in-a-box-4-short""],""duration"":7.906,""memo"":""real""},{""eID"":""5620608951910400"",""topicIdx"":""4"",""wordNum"":""20"",""shortOrLong"":""short"",""best"":[""4-20-histogram-0-short""],""worst"":[""algorithm""],""duration"":21.922,""memo"":""real""},{""eID"":""6198789396234240"",""topicIdx"":""27"",""wordNum"":""5"",""shortOrLong"":""short"",""best"":[""27-5-topic-in-a-box-1-short""],""worst"":[""27-5-histogram-1-short""],""duration"":40.259,""memo"":""real""},{""eID"":""6280718850195456"",""topicIdx"":""13"",""wordNum"":""5"",""shortOrLong"":""short"",""best"":[""13-5-topic-in-a-box-1-short""],""worst"":[""13-5-wordcloud-1-short""],""duration"":14.745,""memo"":""real""}]"
7HGUJ5IR,5758401703313408,"[{""eID"":""5204504467210240"",""topicIdx"":""28"",""wordNum"":""10"",""shortOrLong"":""short"",""best"":[""28-10-histogram-4-short""],""worst"":[""28-10-wordcloud-4-short""],""duration"":148.325,""memo"":""dummy""},{""eID"":""6725267024248832"",""topicIdx"":""7"",""wordNum"":""5"",""shortOrLong"":""long"",""best"":[""7-5-wordcloud-1-long""],""worst"":[""7-5-histogram-1-long""],""duration"":56.022,""memo"":""real""},{""eID"":""5852949502754816"",""topicIdx"":""17"",""wordNum"":""20"",""shortOrLong"":""short"",""best"":[""17-20-word-1-short""],""worst"":[""algorithm""],""duration"":70.153,""memo"":""real""},{""eID"":""5982529202946048"",""topicIdx"":""29"",""wordNum"":""5"",""shortOrLong"":""short"",""best"":[""algorithm""],""worst"":[""29-5-wordcloud-2-short""],""duration"":50.215,""memo"":""real""},{""eID"":""5227197732225024"",""topicIdx"":""34"",""wordNum"":""20"",""shortOrLong"":""long"",""best"":[""34-20-histogram-2-long""],""worst"":[""34-20-wordcloud-2-long""],""duration"":49.19,""memo"":""real""}]"
EZ2HT8M1,5764017373052928,"[{""eID"":""6215246368735232"",""topicIdx"":""9"",""wordNum"":""20"",""shortOrLong"":""long"",""best"":[""9-20-wordcloud-4-long""],""worst"":[""9-20-topic-in-a-box-4-long""],""duration"":33.864,""memo"":""real""},{""eID"":""5635839442812928"",""topicIdx"":""25"",""wordNum"":""5"",""shortOrLong"":""short"",""best"":[""25-5-histogram-1-short""],""worst"":[""25-5-word-1-short""],""duration"":10.472,""memo"":""dummy""},{""eID"":""5143258233569280"",""topicIdx"":""42"",""wordNum"":""5"",""shortOrLong"":""short"",""best"":[""42-5-wordcloud-0-short""],""worst"":[""42-5-topic-in-a-box-0-short""],""duration"":19.427,""memo"":""real""},{""eID"":""5398078106370048"",""topicIdx"":""14"",""wordNum"":""20"",""shortOrLong"":""short"",""best"":[""algorithm""],""worst"":[""14-20-wordcloud-4-short""],""duration"":74.956,""memo"":""real""},{""eID"":""6139981361840128"",""topicIdx"":""23"",""wordNum"":""5"",""shortOrLong"":""long"",""best"":[""23-5-topic-in-a-box-0-long""],""worst"":[""23-5-wordcloud-0-long""],""duration"":8.224,""memo"":""real""}]"
F4F9YQ7A,5767409591910400,"[{""eID"":""5511406187184128"",""topicIdx"":""22"",""wordNum"":""5"",""shortOrLong"":""short"",""best"":[""22-5-word-0-short""],""worst"":[""22-5-histogram-0-short""],""duration"":43.814,""memo"":""dummy""},{""eID"":""4747858444025856"",""topicIdx"":""13"",""wordNum"":""10"",""shortOrLong"":""short"",""best"":[""13-10-histogram-3-short""],""worst"":[""13-10-topic-in-a-box-3-short""],""duration"":10.442,""memo"":""real""},{""eID"":""6131376663298048"",""topicIdx"":""4"",""wordNum"":""5"",""shortOrLong"":""long"",""best"":[""4-5-word-0-long""],""worst"":[""4-5-topic-in-a-box-0-long""],""duration"":6.689,""memo"":""real""},{""eID"":""5697085676453888"",""topicIdx"":""11"",""wordNum"":""10"",""shortOrLong"":""long"",""best"":[""11-10-histogram-4-long""],""worst"":[""11-10-topic-in-a-box-4-long""],""duration"":5.964,""memo"":""real""},{""eID"":""5007332182327296"",""topicIdx"":""34"",""wordNum"":""10"",""shortOrLong"":""long"",""best"":[""34-10-histogram-4-long""],""worst"":[""34-10-wordcloud-4-long""],""duration"":10.703,""memo"":""real""}]"
US03Y9NL,5774051490398208,"[{""eID"":""5401317585453056"",""topicIdx"":""30"",""wordNum"":""5"",""shortOrLong"":""long"",""best"":[""30-5-wordcloud-2-long""],""worst"":[""30-5-histogram-2-long""],""duration"":10.03,""memo"":""real""},{""eID"":""5679553083080704"",""topicIdx"":""9"",""wordNum"":""5"",""shortOrLong"":""short"",""best"":[""9-5-wordcloud-0-short""],""worst"":[""9-5-histogram-0-short""],""duration"":22.488,""memo"":""dummy""},{""eID"":""5640650879926272"",""topicIdx"":""7"",""wordNum"":""20"",""shortOrLong"":""short"",""best"":[""7-20-wordcloud-1-short""],""worst"":[""7-20-topic-in-a-box-1-short"",""algorithm""],""duration"":4.246,""memo"":""real""},{""eID"":""5345911970463744"",""topicIdx"":""2"",""wordNum"":""5"",""shortOrLong"":""long"",""best"":[""2-5-wordcloud-3-long""],""worst"":[""2-5-histogram-3-long""],""duration"":2.996,""memo"":""real""},{""eID"":""5914788978753536"",""topicIdx"":""47"",""wordNum"":""10"",""shortOrLong"":""long"",""best"":[""47-10-word-2-long""],""worst"":[""47-10-histogram-2-long""],""duration"":3.414,""memo"":""real""}]"
VPK0WQ3P,5824834109964288,"[{""eID"":""5365925175885824"",""topicIdx"":""0"",""wordNum"":""5"",""shortOrLong"":""short"",""best"":[""0-5-word-2-short""],""worst"":[""0-5-topic-in-a-box-2-short""],""duration"":32.828,""memo"":""dummy""},{""eID"":""6440560621518848"",""topicIdx"":""3"",""wordNum"":""10"",""shortOrLong"":""short"",""best"":[""3-10-word-0-short"",""3-10-topic-in-a-box-0-short""],""worst"":[""3-10-histogram-0-short""],""duration"":12.898,""memo"":""real""},{""eID"":""5768205234601984"",""topicIdx"":""38"",""wordNum"":""10"",""shortOrLong"":""long"",""best"":[""38-10-word-1-long""],""worst"":[""38-10-topic-in-a-box-1-long""],""duration"":34.033,""memo"":""real""},{""eID"":""6506385827168256"",""topicIdx"":""47"",""wordNum"":""20"",""shortOrLong"":""short"",""best"":[""47-20-topic-in-a-box-2-short""],""worst"":[""algorithm""],""duration"":26.248,""memo"":""real""},{""eID"":""6752616839118848"",""topicIdx"":""41"",""wordNum"":""10"",""shortOrLong"":""short"",""best"":[""41-10-histogram-3-short""],""worst"":[""algorithm""],""duration"":16.826,""memo"":""real""}]"
V4UIJWBR,6078600105164800,"[{""eID"":""6323737242632192"",""topicIdx"":""27"",""wordNum"":""5"",""shortOrLong"":""long"",""best"":[""27-5-topic-in-a-box-1-long""],""worst"":[""27-5-histogram-1-long""],""duration"":198.57,""memo"":""real""},{""eID"":""6444271473262592"",""topicIdx"":""19"",""wordNum"":""5"",""shortOrLong"":""long"",""best"":[""19-5-histogram-3-long""],""worst"":[""19-5-wordcloud-3-long""],""duration"":64.512,""memo"":""real""},{""eID"":""6407798610984960"",""topicIdx"":""0"",""wordNum"":""10"",""shortOrLong"":""short"",""best"":[""0-10-topic-in-a-box-1-short""],""worst"":[""0-10-histogram-1-short""],""duration"":115.564,""memo"":""dummy""},{""eID"":""5365522254266368"",""topicIdx"":""12"",""wordNum"":""10"",""shortOrLong"":""short"",""best"":[""algorithm""],""worst"":[""12-10-word-4-short""],""duration"":82.878,""memo"":""real""},{""eID"":""5598806355738624"",""topicIdx"":""36"",""wordNum"":""20"",""shortOrLong"":""short"",""best"":[""36-20-wordcloud-1-short""],""worst"":[""36-20-topic-in-a-box-1-short""],""duration"":120.133,""memo"":""real""}]"
IE7HL9ZQ,6104394068131840,"[{""eID"":""6680106785308672"",""topicIdx"":""4"",""wordNum"":""20"",""shortOrLong"":""long"",""best"":[""4-20-histogram-1-long""],""worst"":[""4-20-wordcloud-1-long""],""duration"":75.453,""memo"":""real""},{""eID"":""5154416021733376"",""topicIdx"":""24"",""wordNum"":""10"",""shortOrLong"":""long"",""best"":[""24-10-wordcloud-3-long""],""worst"":[""24-10-histogram-3-long""],""duration"":50.476,""memo"":""real""},{""eID"":""6310346339909632"",""topicIdx"":""43"",""wordNum"":""10"",""shortOrLong"":""long"",""best"":[""43-10-word-4-long""],""worst"":[""43-10-wordcloud-4-long""],""duration"":19.553,""memo"":""real""},{""eID"":""5300452694425600"",""topicIdx"":""32"",""wordNum"":""20"",""shortOrLong"":""short"",""best"":[""bad_270""],""worst"":[""32-20-word-3-short""],""duration"":75.116,""memo"":""dummy""},{""eID"":""6094368809156608"",""topicIdx"":""20"",""wordNum"":""20"",""shortOrLong"":""short"",""best"":[""20-20-word-1-short""],""worst"":[""20-20-wordcloud-1-short""],""duration"":19.418,""memo"":""real""}]"
PQRKW24S,6109693252468736,"[{""eID"":""5779900698984448"",""topicIdx"":""30"",""wordNum"":""10"",""shortOrLong"":""short"",""best"":[""30-10-topic-in-a-box-1-short""],""worst"":[""30-10-histogram-1-short""],""duration"":61.032,""memo"":""dummy""},{""eID"":""5831156033388544"",""topicIdx"":""17"",""wordNum"":""5"",""shortOrLong"":""short"",""best"":[""17-5-wordcloud-2-short""],""worst"":[""17-5-histogram-2-short""],""duration"":16.619,""memo"":""real""},{""eID"":""5159562466295808"",""topicIdx"":""26"",""wordNum"":""5"",""shortOrLong"":""short"",""best"":[""26-5-wordcloud-0-short""],""worst"":[""26-5-topic-in-a-box-0-short"",""algorithm""],""duration"":14.533,""memo"":""real""},{""eID"":""5010012241920000"",""topicIdx"":""18"",""wordNum"":""20"",""shortOrLong"":""short"",""best"":[""algorithm""],""worst"":[""18-20-histogram-2-short""],""duration"":30.732,""memo"":""real""},{""eID"":""6310346339909632"",""topicIdx"":""43"",""wordNum"":""10"",""shortOrLong"":""long"",""best"":[""43-10-word-4-long""],""worst"":[""43-10-topic-in-a-box-4-long""],""duration"":31.384,""memo"":""real""}]"
1Q9MA19K,6130350971420672,"[{""eID"":""5987683163701248"",""topicIdx"":""45"",""wordNum"":""5"",""shortOrLong"":""short"",""best"":[""45-5-topic-in-a-box-0-short""],""worst"":[""45-5-wordcloud-0-short""],""duration"":5.575,""memo"":""dummy""},{""eID"":""6074835566329856"",""topicIdx"":""37"",""wordNum"":""5"",""shortOrLong"":""short"",""best"":[""37-5-wordcloud-2-short""],""worst"":[""37-5-topic-in-a-box-2-short""],""duration"":2.703,""memo"":""real""},{""eID"":""6199569201233920"",""topicIdx"":""11"",""wordNum"":""10"",""shortOrLong"":""short"",""best"":[""11-10-word-2-short""],""worst"":[""11-10-wordcloud-2-short""],""duration"":2.483,""memo"":""real""},{""eID"":""5408943568322560"",""topicIdx"":""14"",""wordNum"":""5"",""shortOrLong"":""short"",""best"":[""algorithm""],""worst"":[""14-5-wordcloud-2-short""],""duration"":2.574,""memo"":""real""},{""eID"":""5753512419917824"",""topicIdx"":""6"",""wordNum"":""10"",""shortOrLong"":""long"",""best"":[""6-10-topic-in-a-box-2-long""],""worst"":[""6-10-word-2-long""],""duration"":2.522,""memo"":""real""}]"
AP3SG6XX,6141991406534656,"[{""eID"":""6748545210122240"",""topicIdx"":""23"",""wordNum"":""5"",""shortOrLong"":""short"",""best"":[""23-5-word-1-short""],""worst"":[""23-5-wordcloud-1-short""],""duration"":228.971,""memo"":""dummy""},{""eID"":""5524726759817216"",""topicIdx"":""8"",""wordNum"":""5"",""shortOrLong"":""short"",""best"":[""algorithm""],""worst"":[""8-5-histogram-1-short""],""duration"":27.372,""memo"":""real""},{""eID"":""6298782945771520"",""topicIdx"":""13"",""wordNum"":""5"",""shortOrLong"":""short"",""best"":[""algorithm""],""worst"":[""13-5-wordcloud-0-short""],""duration"":19.295,""memo"":""real""},{""eID"":""6025823547031552"",""topicIdx"":""28"",""wordNum"":""20"",""shortOrLong"":""short"",""best"":[""28-20-histogram-4-short""],""worst"":[""28-20-wordcloud-4-short""],""duration"":12.32,""memo"":""real""},{""eID"":""6467070233411584"",""topicIdx"":""19"",""wordNum"":""5"",""shortOrLong"":""long"",""best"":[""19-5-histogram-1-long""],""worst"":[""19-5-topic-in-a-box-1-long""],""duration"":6.235,""memo"":""real""}]"
YNRW27V2,6156493632045056,"[{""eID"":""5971893521743872"",""topicIdx"":""13"",""wordNum"":""5"",""shortOrLong"":""short"",""best"":[""13-5-word-2-short""],""worst"":[""13-5-topic-in-a-box-2-short""],""duration"":275.065,""memo"":""dummy""},{""eID"":""5991006931517440"",""topicIdx"":""42"",""wordNum"":""10"",""shortOrLong"":""short"",""best"":[""42-10-wordcloud-0-short""],""worst"":[""42-10-topic-in-a-box-0-short""],""duration"":118.509,""memo"":""real""},{""eID"":""6432791294115840"",""topicIdx"":""2"",""wordNum"":""10"",""shortOrLong"":""long"",""best"":[""2-10-topic-in-a-box-4-long""],""worst"":[""2-10-word-4-long""],""duration"":40.874,""memo"":""real""},{""eID"":""5294115738615808"",""topicIdx"":""48"",""wordNum"":""5"",""shortOrLong"":""short"",""best"":[""48-5-wordcloud-4-short""],""worst"":[""48-5-topic-in-a-box-4-short""],""duration"":14.469,""memo"":""real""},{""eID"":""6527009454817280"",""topicIdx"":""33"",""wordNum"":""5"",""shortOrLong"":""long"",""best"":[""33-5-histogram-0-long""],""worst"":[""33-5-topic-in-a-box-0-long""],""duration"":30.604,""memo"":""real""}]"
FEIZ29IK,6171096520851456,"[{""eID"":""5793360589619200"",""topicIdx"":""33"",""wordNum"":""5"",""shortOrLong"":""short"",""best"":[""33-5-wordcloud-3-short""],""worst"":[""33-5-word-3-short""],""duration"":7.828,""memo"":""dummy""},{""eID"":""5820290571436032"",""topicIdx"":""17"",""wordNum"":""20"",""shortOrLong"":""short"",""best"":[""17-20-wordcloud-4-short""],""worst"":[""17-20-topic-in-a-box-4-short""],""duration"":5.613,""memo"":""real""},{""eID"":""5953278596612096"",""topicIdx"":""45"",""wordNum"":""10"",""shortOrLong"":""short"",""best"":[""45-10-word-0-short""],""worst"":[""45-10-histogram-0-short""],""duration"":8.355,""memo"":""real""},{""eID"":""5497032273821696"",""topicIdx"":""35"",""wordNum"":""10"",""shortOrLong"":""short"",""best"":[""35-10-word-4-short""],""worst"":[""algorithm""],""duration"":4.272,""memo"":""real""},{""eID"":""5398078106370048"",""topicIdx"":""14"",""wordNum"":""20"",""shortOrLong"":""short"",""best"":[""14-20-histogram-4-short""],""worst"":[""14-20-topic-in-a-box-4-short""],""duration"":7.466,""memo"":""real""}]"
KTP9FMSG,6190417699667968,"[{""eID"":""6429290358898688"",""topicIdx"":""3"",""wordNum"":""5"",""shortOrLong"":""short"",""best"":[""3-5-histogram-3-short"",""3-5-wordcloud-3-short""],""worst"":[""3-5-topic-in-a-box-3-short""],""duration"":4.794,""memo"":""dummy""},{""eID"":""5412444503539712"",""topicIdx"":""13"",""wordNum"":""10"",""shortOrLong"":""long"",""best"":[""13-10-wordcloud-3-long""],""worst"":[""13-10-topic-in-a-box-3-long""],""duration"":6.316,""memo"":""real""},{""eID"":""5332787624148992"",""topicIdx"":""0"",""wordNum"":""20"",""shortOrLong"":""short"",""best"":[""0-20-histogram-1-short""],""worst"":[""algorithm""],""duration"":6.105,""memo"":""real""},{""eID"":""6397606922027008"",""topicIdx"":""18"",""wordNum"":""10"",""shortOrLong"":""long"",""best"":[""18-10-topic-in-a-box-3-long""],""worst"":[""18-10-wordcloud-3-long""],""duration"":5.134,""memo"":""real""},{""eID"":""6069209696043008"",""topicIdx"":""19"",""wordNum"":""10"",""shortOrLong"":""short"",""best"":[""19-10-word-4-short"",""19-10-histogram-4-short""],""worst"":[""19-10-wordcloud-4-short""],""duration"":5.569,""memo"":""real""}]"
48TC32BA,6233199332032512,"[{""eID"":""6465033882042368"",""topicIdx"":""1"",""wordNum"":""20"",""shortOrLong"":""short"",""best"":[""bad_32""],""worst"":[""1-20-wordcloud-0-short""],""duration"":59.826,""memo"":""dummy""},{""eID"":""6407798610984960"",""topicIdx"":""0"",""wordNum"":""10"",""shortOrLong"":""short"",""best"":[""0-10-word-1-short""],""worst"":[""0-10-wordcloud-1-short""],""duration"":38.285,""memo"":""real""},{""eID"":""6203600833347584"",""topicIdx"":""9"",""wordNum"":""20"",""shortOrLong"":""short"",""best"":[""9-20-topic-in-a-box-1-short""],""worst"":[""algorithm""],""duration"":15.353,""memo"":""real""},{""eID"":""5524726759817216"",""topicIdx"":""8"",""wordNum"":""5"",""shortOrLong"":""short"",""best"":[""8-5-histogram-1-short""],""worst"":[""algorithm""],""duration"":13.139,""memo"":""real""},{""eID"":""6144724884783104"",""topicIdx"":""36"",""wordNum"":""20"",""shortOrLong"":""short"",""best"":[""36-20-histogram-4-short""],""worst"":[""36-20-word-4-short""],""duration"":21.065,""memo"":""real""}]"
1JDJ6MOE,6252742238535680,"[{""eID"":""6385869044842496"",""topicIdx"":""49"",""wordNum"":""10"",""shortOrLong"":""short"",""best"":[""bad_131""],""worst"":[""49-10-word-2-short""],""duration"":194.646,""memo"":""dummy""},{""eID"":""6282230947119104"",""topicIdx"":""27"",""wordNum"":""5"",""shortOrLong"":""long"",""best"":[""27-5-wordcloud-3-long""],""worst"":[""27-5-topic-in-a-box-3-long""],""duration"":80.808,""memo"":""real""},{""eID"":""6119298141519872"",""topicIdx"":""23"",""wordNum"":""10"",""shortOrLong"":""short"",""best"":[""23-10-wordcloud-4-short"",""23-10-topic-in-a-box-4-short""],""worst"":[""algorithm""],""duration"":12.248,""memo"":""real""},{""eID"":""5978560653164544"",""topicIdx"":""15"",""wordNum"":""10"",""shortOrLong"":""long"",""best"":[""15-10-histogram-4-long""],""worst"":[""15-10-wordcloud-4-long""],""duration"":60.275,""memo"":""real""},{""eID"":""5465921409777664"",""topicIdx"":""46"",""wordNum"":""10"",""shortOrLong"":""short"",""best"":[""46-10-topic-in-a-box-4-short""],""worst"":[""46-10-wordcloud-4-short""],""duration"":55.981,""memo"":""real""}]"
VJ5A62H0,6267421899882496,"[{""eID"":""5268206079967232"",""topicIdx"":""18"",""wordNum"":""5"",""shortOrLong"":""short"",""best"":[""18-5-topic-in-a-box-2-short""],""worst"":[""18-5-wordcloud-2-short""],""duration"":51.867,""memo"":""dummy""},{""eID"":""6493337179652096"",""topicIdx"":""15"",""wordNum"":""5"",""shortOrLong"":""short"",""best"":[""algorithm""],""worst"":[""15-5-histogram-4-short""],""duration"":8.685,""memo"":""real""},{""eID"":""6588773500452864"",""topicIdx"":""30"",""wordNum"":""20"",""shortOrLong"":""short"",""best"":[""30-20-wordcloud-4-short""],""worst"":[""30-20-word-4-short""],""duration"":5.307,""memo"":""real""},{""eID"":""6699899873656832"",""topicIdx"":""7"",""wordNum"":""5"",""shortOrLong"":""short"",""best"":[""7-5-wordcloud-0-short""],""worst"":[""7-5-histogram-0-short""],""duration"":8.345,""memo"":""real""},{""eID"":""6467070233411584"",""topicIdx"":""19"",""wordNum"":""5"",""shortOrLong"":""long"",""best"":[""19-5-word-1-long""],""worst"":[""19-5-wordcloud-1-long""],""duration"":8.1,""memo"":""real""}]"
X296BN3V,6337001443819520,"[{""eID"":""6250278001049600"",""topicIdx"":""42"",""wordNum"":""20"",""shortOrLong"":""short"",""best"":[""bad_85""],""worst"":[""42-20-word-4-short""],""duration"":37.145,""memo"":""dummy""},{""eID"":""5999451910963200"",""topicIdx"":""13"",""wordNum"":""5"",""shortOrLong"":""short"",""best"":[""13-5-topic-in-a-box-3-short""],""worst"":[""13-5-histogram-3-short""],""duration"":7.4,""memo"":""real""},{""eID"":""5455896150802432"",""topicIdx"":""14"",""wordNum"":""20"",""shortOrLong"":""short"",""best"":[""14-20-topic-in-a-box-3-short""],""worst"":[""14-20-histogram-3-short""],""duration"":6.711,""memo"":""real""},{""eID"":""5226699784454144"",""topicIdx"":""18"",""wordNum"":""5"",""shortOrLong"":""short"",""best"":[""18-5-histogram-4-short""],""worst"":[""18-5-word-4-short""],""duration"":3.723,""memo"":""real""},{""eID"":""6593308985917440"",""topicIdx"":""45"",""wordNum"":""20"",""shortOrLong"":""short"",""best"":[""45-20-histogram-0-short""],""worst"":[""45-20-topic-in-a-box-0-short""],""duration"":2.885,""memo"":""real""}]"
NAWGWGQ9,6340432317382656,"[{""eID"":""6452571497562112"",""topicIdx"":""49"",""wordNum"":""20"",""shortOrLong"":""short"",""best"":[""49-20-topic-in-a-box-0-short""],""worst"":[""49-20-histogram-0-short""],""duration"":52.985,""memo"":""dummy""},{""eID"":""5268206079967232"",""topicIdx"":""18"",""wordNum"":""5"",""shortOrLong"":""short"",""best"":[""18-5-topic-in-a-box-2-short""],""worst"":[""algorithm""],""duration"":39.229,""memo"":""real""},{""eID"":""6323737242632192"",""topicIdx"":""27"",""wordNum"":""5"",""shortOrLong"":""long"",""best"":[""27-5-word-1-long""],""worst"":[""27-5-wordcloud-1-long""],""duration"":12.208,""memo"":""real""},{""eID"":""6144724884783104"",""topicIdx"":""36"",""wordNum"":""20"",""shortOrLong"":""short"",""best"":[""36-20-histogram-4-short""],""worst"":[""36-20-word-4-short""],""duration"":18.992,""memo"":""real""},{""eID"":""6407798610984960"",""topicIdx"":""0"",""wordNum"":""10"",""shortOrLong"":""short"",""best"":[""algorithm""],""worst"":[""0-10-histogram-1-short""],""duration"":15.849,""memo"":""real""}]"
B2O4UU4I,6350125521698816,"[{""eID"":""5327709362192384"",""topicIdx"":""34"",""wordNum"":""20"",""shortOrLong"":""long"",""best"":[""34-20-wordcloud-3-long""],""worst"":[""34-20-word-3-long""],""duration"":42.794,""memo"":""real""},{""eID"":""6302493797515264"",""topicIdx"":""25"",""wordNum"":""20"",""shortOrLong"":""short"",""best"":[""25-20-word-2-short"",""25-20-histogram-2-short""],""worst"":[""25-20-topic-in-a-box-2-short""],""duration"":28.036,""memo"":""dummy""},{""eID"":""6467850038411264"",""topicIdx"":""3"",""wordNum"":""10"",""shortOrLong"":""short"",""best"":[""algorithm""],""worst"":[""3-10-histogram-3-short"",""3-10-wordcloud-3-short"",""3-10-topic-in-a-box-3-short""],""duration"":21.367,""memo"":""real""},{""eID"":""6339526884589568"",""topicIdx"":""35"",""wordNum"":""5"",""shortOrLong"":""short"",""best"":[""35-5-word-1-short"",""35-5-topic-in-a-box-1-short""],""worst"":[""35-5-histogram-1-short""],""duration"":23.205,""memo"":""real""},{""eID"":""6366339560112128"",""topicIdx"":""0"",""wordNum"":""10"",""shortOrLong"":""short"",""best"":[""0-10-wordcloud-4-short""],""worst"":[""0-10-histogram-4-short""],""duration"":44.367,""memo"":""real""}]"
UCV5LRD7,6360075081875456,"[{""eID"":""5953278596612096"",""topicIdx"":""45"",""wordNum"":""10"",""shortOrLong"":""short"",""best"":[""45-10-word-0-short""],""worst"":[""45-10-histogram-0-short""],""duration"":13.67,""memo"":""dummy""},{""eID"":""4856629296103424"",""topicIdx"":""28"",""wordNum"":""5"",""shortOrLong"":""short"",""best"":[""28-5-wordcloud-2-short""],""worst"":[""algorithm""],""duration"":5.252,""memo"":""real""},{""eID"":""6068171924570112"",""topicIdx"":""35"",""wordNum"":""5"",""shortOrLong"":""long"",""best"":[""35-5-histogram-4-long""],""worst"":[""35-5-word-4-long""],""duration"":4.263,""memo"":""real""},{""eID"":""5495881759457280"",""topicIdx"":""22"",""wordNum"":""10"",""shortOrLong"":""long"",""best"":[""22-10-wordcloud-1-long""],""worst"":[""22-10-histogram-1-long""],""duration"":9.794,""memo"":""real""},{""eID"":""6129200457056256"",""topicIdx"":""37"",""wordNum"":""10"",""shortOrLong"":""long"",""best"":[""37-10-word-0-long""],""worst"":[""37-10-topic-in-a-box-0-long""],""duration"":19.485,""memo"":""real""}]"
IMMNNNND,6409895628767232,"[{""eID"":""5690418545033216"",""topicIdx"":""9"",""wordNum"":""5"",""shortOrLong"":""short"",""best"":[""9-5-wordcloud-3-short""],""worst"":[""9-5-topic-in-a-box-3-short""],""duration"":84.258,""memo"":""dummy""},{""eID"":""6645002138550272"",""topicIdx"":""5"",""wordNum"":""10"",""shortOrLong"":""long"",""best"":[""5-10-word-1-long""],""worst"":[""5-10-wordcloud-1-long""],""duration"":28.423,""memo"":""real""},{""eID"":""5060475154857984"",""topicIdx"":""4"",""wordNum"":""10"",""shortOrLong"":""short"",""best"":[""4-10-word-3-short"",""4-10-histogram-3-short"",""4-10-topic-in-a-box-3-short""],""worst"":[""4-10-wordcloud-3-short""],""duration"":17.174,""memo"":""real""},{""eID"":""6654337518403584"",""topicIdx"":""21"",""wordNum"":""20"",""shortOrLong"":""short"",""best"":[""21-20-topic-in-a-box-2-short""],""worst"":[""algorithm""],""duration"":15.221,""memo"":""real""},{""eID"":""5684096621608960"",""topicIdx"":""42"",""wordNum"":""5"",""shortOrLong"":""long"",""best"":[""42-5-wordcloud-2-long""],""worst"":[""42-5-topic-in-a-box-2-long""],""duration"":18.638,""memo"":""real""}]"
XT7D9Z1T,6423466383245312,"[{""eID"":""4943309789200384"",""topicIdx"":""18"",""wordNum"":""10"",""shortOrLong"":""short"",""best"":[""18-10-histogram-4-short"",""18-10-wordcloud-4-short""],""worst"":[""18-10-word-4-short""],""duration"":26.884,""memo"":""dummy""},{""eID"":""4919863294296064"",""topicIdx"":""27"",""wordNum"":""10"",""shortOrLong"":""short"",""best"":[""27-10-word-3-short""],""worst"":[""27-10-topic-in-a-box-3-short""],""duration"":56.967,""memo"":""real""},{""eID"":""5021915475345408"",""topicIdx"":""4"",""wordNum"":""5"",""shortOrLong"":""short"",""best"":[""4-5-wordcloud-3-short""],""worst"":[""4-5-word-3-short""],""duration"":30.007,""memo"":""real""},{""eID"":""5426663529644032"",""topicIdx"":""43"",""wordNum"":""10"",""shortOrLong"":""short"",""best"":[""43-10-word-4-short""],""worst"":[""algorithm""],""duration"":29.258,""memo"":""real""},{""eID"":""6082052185128960"",""topicIdx"":""3"",""wordNum"":""10"",""shortOrLong"":""long"",""best"":[""3-10-wordcloud-1-long""],""worst"":[""3-10-word-1-long""],""duration"":55.629,""memo"":""real""}]"
U11L8H9C,6456848748118016,"[{""eID"":""6199694829027328"",""topicIdx"":""42"",""wordNum"":""10"",""shortOrLong"":""short"",""best"":[""42-10-word-2-short""],""worst"":[""42-10-wordcloud-2-short""],""duration"":198.684,""memo"":""dummy""},{""eID"":""6330404374052864"",""topicIdx"":""29"",""wordNum"":""10"",""shortOrLong"":""short"",""best"":[""29-10-topic-in-a-box-4-short""],""worst"":[""29-10-wordcloud-4-short""],""duration"":108.83,""memo"":""real""},{""eID"":""5365925175885824"",""topicIdx"":""0"",""wordNum"":""5"",""shortOrLong"":""short"",""best"":[""0-5-topic-in-a-box-2-short""],""worst"":[""0-5-histogram-2-short"",""algorithm""],""duration"":156.676,""memo"":""real""},{""eID"":""6401523932200960"",""topicIdx"":""32"",""wordNum"":""10"",""shortOrLong"":""long"",""best"":[""32-10-topic-in-a-box-2-long""],""worst"":[""32-10-wordcloud-2-long""],""duration"":57.821,""memo"":""real""},{""eID"":""5838573978779648"",""topicIdx"":""30"",""wordNum"":""10"",""shortOrLong"":""long"",""best"":[""30-10-word-2-long""],""worst"":[""30-10-topic-in-a-box-2-long""],""duration"":53.806,""memo"":""real""}]"
VICOALWT,6640559263318016,"[{""eID"":""5793360589619200"",""topicIdx"":""33"",""wordNum"":""5"",""shortOrLong"":""short"",""best"":[""33-5-histogram-3-short""],""worst"":[""33-5-word-3-short""],""duration"":45.197,""memo"":""dummy""},{""eID"":""5652296415313920"",""topicIdx"":""7"",""wordNum"":""20"",""shortOrLong"":""long"",""best"":[""7-20-wordcloud-4-long""],""worst"":[""7-20-topic-in-a-box-4-long""],""duration"":28.037,""memo"":""real""},{""eID"":""5138104272814080"",""topicIdx"":""26"",""wordNum"":""5"",""shortOrLong"":""short"",""best"":[""26-5-histogram-2-short"",""algorithm""],""worst"":[""26-5-word-2-short""],""duration"":22.467,""memo"":""real""},{""eID"":""5007332182327296"",""topicIdx"":""34"",""wordNum"":""10"",""shortOrLong"":""long"",""best"":[""34-10-word-4-long""],""worst"":[""34-10-topic-in-a-box-4-long""],""duration"":52.781,""memo"":""real""},{""eID"":""5085962296098816"",""topicIdx"":""10"",""wordNum"":""5"",""shortOrLong"":""short"",""best"":[""10-5-topic-in-a-box-4-short""],""worst"":[""10-5-word-4-short""],""duration"":79.809,""memo"":""real""}]"
U4JNYSTQ,6667344021553152,"[{""eID"":""6250278001049600"",""topicIdx"":""42"",""wordNum"":""20"",""shortOrLong"":""short"",""best"":[""42-20-topic-in-a-box-4-short""],""worst"":[""42-20-histogram-4-short""],""duration"":34.283,""memo"":""dummy""},{""eID"":""5976499068862464"",""topicIdx"":""27"",""wordNum"":""10"",""shortOrLong"":""short"",""best"":[""27-10-wordcloud-0-short""],""worst"":[""27-10-histogram-0-short""],""duration"":23.189,""memo"":""real""},{""eID"":""5365925175885824"",""topicIdx"":""0"",""wordNum"":""5"",""shortOrLong"":""short"",""best"":[""0-5-word-2-short""],""worst"":[""0-5-wordcloud-2-short""],""duration"":23.684,""memo"":""real""},{""eID"":""5214406782746624"",""topicIdx"":""18"",""wordNum"":""10"",""shortOrLong"":""short"",""best"":[""18-10-wordcloud-2-short""],""worst"":[""algorithm""],""duration"":22.467,""memo"":""real""},{""eID"":""5436501957541888"",""topicIdx"":""14"",""wordNum"":""5"",""shortOrLong"":""short"",""best"":[""14-5-topic-in-a-box-3-short""],""worst"":[""14-5-word-3-short""],""duration"":17.066,""memo"":""real""}]"
DN9LZBIQ,6693300924841984,"[{""eID"":""6119298141519872"",""topicIdx"":""23"",""wordNum"":""10"",""shortOrLong"":""short"",""best"":[""23-10-histogram-4-short""],""worst"":[""23-10-word-4-short""],""duration"":64.252,""memo"":""dummy""},{""eID"":""6257974045573120"",""topicIdx"":""25"",""wordNum"":""10"",""shortOrLong"":""short"",""best"":[""algorithm""],""worst"":[""25-10-word-0-short""],""duration"":49.275,""memo"":""real""},{""eID"":""6698862102183936"",""topicIdx"":""21"",""wordNum"":""20"",""shortOrLong"":""long"",""best"":[""21-20-topic-in-a-box-1-long""],""worst"":[""21-20-word-1-long""],""duration"":50.785,""memo"":""real""},{""eID"":""5639163210629120"",""topicIdx"":""22"",""wordNum"":""10"",""shortOrLong"":""short"",""best"":[""22-10-word-1-short"",""22-10-wordcloud-1-short"",""22-10-topic-in-a-box-1-short"",""algorithm""],""worst"":[""22-10-histogram-1-short""],""duration"":23.744,""memo"":""real""},{""eID"":""6531752977760256"",""topicIdx"":""46"",""wordNum"":""20"",""shortOrLong"":""long"",""best"":[""46-20-wordcloud-3-long""],""worst"":[""46-20-topic-in-a-box-3-long""],""duration"":29.232,""memo"":""real""}]"
7S7S3OQ8,6753367653089280,"[{""eID"":""6025823547031552"",""topicIdx"":""28"",""wordNum"":""20"",""shortOrLong"":""short"",""best"":[""28-20-wordcloud-4-short""],""worst"":[""28-20-word-4-short"",""28-20-topic-in-a-box-4-short""],""duration"":84.506,""memo"":""dummy""},{""eID"":""6198789396234240"",""topicIdx"":""27"",""wordNum"":""5"",""shortOrLong"":""short"",""best"":[""algorithm""],""worst"":[""27-5-topic-in-a-box-1-short""],""duration"":32.147,""memo"":""real""},{""eID"":""6740162507702272"",""topicIdx"":""5"",""wordNum"":""20"",""shortOrLong"":""short"",""best"":[""5-20-word-1-short""],""worst"":[""algorithm""],""duration"":51.22,""memo"":""real""},{""eID"":""6564203871600640"",""topicIdx"":""47"",""wordNum"":""20"",""shortOrLong"":""short"",""best"":[""47-20-wordcloud-1-short""],""worst"":[""algorithm""],""duration"":18.547,""memo"":""real""},{""eID"":""5432224706985984"",""topicIdx"":""12"",""wordNum"":""20"",""shortOrLong"":""short"",""best"":[""12-20-topic-in-a-box-2-short""],""worst"":[""12-20-wordcloud-2-short""],""duration"":24.531,""memo"":""real""}]"
